<?xml version="1.0" encoding="UTF-8"?>
<module xmlns:xsi="http://www.w3.org/2001/XMLSchema-instance" version="3-015" display-name="tools" last-entity-id="21" parent="system:development_alpha">
    <relevant-role name="Cartridge Developer"/>
    <relevant-role name="Foglight Administrator"/>
    <query id="11" display-name="CastToScript" ts="1229944512452" public="false" select="foglight-5:IDE_Script">
        <uuid>cc2817f9-c4f8-4fd3-8488-49df2ab0f42f</uuid>
        <originating-data ts="1221652044622">
            <uuid>ff1e0ef8-0627-4888-8c6b-434e0e569250</uuid>
        </originating-data>
        <parameters>
            <parameter name="objs" type-name="foglight-5:TopologyObject" list="true"/>
        </parameters>
        <root>
            <parameter-reference parameter="objs"/>
        </root>
    </query>
    <view id="4" display-name="TextResults" ts="1248701285121" public="false" component="wcf.label">
        <uuid>8dbf84bb-b122-4951-ab86-36b695f715fd</uuid>
        <purpose name="pagelet"/>
        <size width="200" height="20"/>
        <inputs>
            <entry key="timeRange" data-type="wcf:TimeRange"/>
            <entry key="result" data-type="wcf:Object"/>
        </inputs>
        <flow/>
        <tree-config>
            <property name="label">
                <function-rv id="system:development_alpha_tools.19" renderer-id="system:development_alpha_tools.13">
                    <context-rv input-key="result"/>
                </function-rv>
            </property>
            <property name="nowrap">
                <boolean value="true"/>
            </property>
            <property name="popupOptions">
                <property name="allowMaximize">
                    <boolean value="true"/>
                </property>
            </property>
        </tree-config>
    </view>
    <composite-view id="5" display-name="SelTopologyObject" ts="1229944512436" public="false" component="wcf.grid2">
        <uuid>2e9de6df-ba12-4ac6-acd8-3f3bf4082bb6</uuid>
        <originating-data ts="1221652044612">
            <uuid>da2d4eb1-bcf7-4b0b-8b6d-88f851631849</uuid>
        </originating-data>
        <purpose name="pagelet"/>
        <size width="0" height="0"/>
        <inputs>
            <entry key="timeRange" data-type="wcf:TimeRange" usage="optional"/>
            <entry key="topologyObject" data-type="foglight-5:TopologyObject" usage="optional"/>
            <entry key="topologyQuery" data-type="wcf:String" usage="optional"/>
        </inputs>
        <flow/>
        <tree-config>
            <property name="popupOptions">
                <property name="allowMaximize">
                    <boolean value="true"/>
                </property>
            </property>
        </tree-config>
        <window id="0" view="nested">
            <size/>
            <tree-config>
                <property name="colspan">
                    <integer value="3"/>
                </property>
                <property name="align">
                    <enum value="stretch"/>
                </property>
            </tree-config>
            <view id="nested" display-name="(Nested View)" ts="1204144076957" public="false" component="wcf.label">
                <size width="200" height="20"/>
                <inputs>
                    <entry key="topologyObject" data-type="foglight-5:TopologyObject"/>
                </inputs>
                <flow/>
                <tree-config>
                    <property name="label">
                        <string-rv>
                            <value xml:space="preserve"><![CDATA[Selected Object (Scope) : {0} [Type: {1}, UUID: {2}]]]></value>
                            <context-rv input-key="topologyObject" path="name"/>
                            <context-rv input-key="topologyObject" path="topologyTypeName"/>
                            <context-rv input-key="topologyObject" path="uniqueId"/>
                        </string-rv>
                    </property>
                </tree-config>
            </view>
        </window>
        <window id="1" view="nested">
            <size/>
            <tree-config>
                <property name="row">
                    <integer value="1"/>
                </property>
            </tree-config>
            <view id="nested" display-name="(Nested View)" ts="1204144719868" public="false" component="wcf.input.button">
                <size width="200" height="20"/>
                <flow>
                    <on action="selection">
                        <popup id="system:development_alpha_tools.7"/>
                    </on>
                </flow>
                <tree-config>
                    <property name="label">
                        <string xml:space="preserve"><![CDATA[Select...]]></string>
                    </property>
                </tree-config>
            </view>
        </window>
        <window id="3" view="nested">
            <size/>
            <tree-config>
                <property name="column">
                    <integer value="1"/>
                </property>
                <property name="row">
                    <integer value="1"/>
                </property>
            </tree-config>
            <view id="nested" display-name="(Nested View)" ts="1204171682109" public="false" component="wcf.input.button">
                <size width="200" height="20"/>
                <flow>
                    <on action="selection">
                        <update>
                            <context>
                                <entry key="topologyObject">
                                    <query-selection-rv query="customQuery:wcf.null"/>
                                </entry>
                            </context>
                        </update>
                    </on>
                </flow>
                <tree-config>
                    <property name="label">
                        <string xml:space="preserve"><![CDATA[clear...]]></string>
                    </property>
                </tree-config>
            </view>
        </window>
        <window id="2" view="nested">
            <size/>
            <tree-config>
                <property name="column">
                    <integer value="2"/>
                </property>
                <property name="row">
                    <integer value="1"/>
                </property>
                <property name="hweight">
                    <integer value="1"/>
                </property>
            </tree-config>
            <view id="nested" display-name="(Nested View)" ts="1204144858431" public="false" component="wcf.separator">
                <size width="1" height="1"/>
                <tree-config>
                    <property name="direction">
                        <enum value="horizontal"/>
                    </property>
                </tree-config>
            </view>
        </window>
    </composite-view>
    <view id="6" display-name="text_display" ts="1229944512436" public="false" component="wcf.label">
        <uuid>04dcc936-1715-4634-867f-fdc840594797</uuid>
        <originating-data ts="1221652044602">
            <uuid>fbe77ce0-9a96-4b82-83a5-194ab2d9b6e6</uuid>
        </originating-data>
        <purpose name="pagelet"/>
        <size width="400" height="200"/>
        <inputs>
            <entry key="timeRange" data-type="wcf:TimeRange" usage="optional"/>
            <entry key="txt" data-type="wcf:String"/>
        </inputs>
        <flow/>
        <tree-config>
            <property name="label">
                <string-rv>
                    <value xml:space="preserve"><![CDATA[{0}]]></value>
                    <context-rv input-key="txt" renderer-id="system:development_alpha_tools.12"/>
                </string-rv>
            </property>
            <property name="nowrap">
                <boolean value="false"/>
            </property>
            <property name="title">
                <string xml:space="preserve"><![CDATA[Value:]]></string>
            </property>
            <property name="popupOptions">
                <property name="allowMaximize">
                    <boolean value="true"/>
                </property>
            </property>
        </tree-config>
    </view>
    <composite-view id="7" display-name="SelectTypes" ts="1229944512436" public="false" component="wcf.grid2">
        <uuid>9f55dc75-70e2-4103-83a1-0a0d2f339b2c</uuid>
        <originating-data ts="1221652044601">
            <uuid>2bafffda-7145-44af-92e0-34934c3d54f6</uuid>
        </originating-data>
        <purpose name="dialog"/>
        <size width="500" height="600"/>
        <inputs>
            <entry key="timeRange" data-type="wcf:TimeRange" usage="optional"/>
        </inputs>
        <flow/>
        <tree-config>
            <property name="popupOptions">
                <property name="allowMaximize">
                    <boolean value="true"/>
                </property>
            </property>
        </tree-config>
        <window id="0" view="nested" scrollbars="auto">
            <size width="200" height="600"/>
            <tree-config/>
            <view id="nested" display-name="(Nested View)" ts="1212423526086" public="false" component="wcf.tree">
                <size width="300" height="300"/>
                <inputs>
                    <entry key="topologyObject" data-type="foglight-5:DataObject" usage="optional" implicit="true"/>
                </inputs>
                <flow>
                    <on action="nodeSelection">
                        <generated-context output-key="selectedNode" custom-key="topologyObject"/>
                        <update/>
                    </on>
                </flow>
                <tree-config>
                    <property name="root">
                        <query-selection-rv query="system:foglight.1">
                            <on-null>
                                <query-selection-rv query="system:foglight.1" results-index="0"/>
                            </on-null>
                        </query-selection-rv>
                    </property>
                    <property name="displayType">
                        <data-object-type datasource-type="foglight-5" data-type="DataObject"/>
                    </property>
                    <property name="nodeLabel">
                        <context-rv input-key="currentNode"/>
                    </property>
                    <property name="excludeTypes">
                        <list-item>
                            <data-object-type datasource-type="foglight-5" data-type="Observation"/>
                        </list-item>
                    </property>
                    <property name="excludeProperties">
                        <list-item>
                            <data-object-property name="changeSummary" datasource-type="foglight-5" data-type="TopologyObject"/>
                        </list-item>
                    </property>
                    <property name="initContextMaxSearchDepth">
                        <integer value="1"/>
                    </property>
                </tree-config>
            </view>
        </window>
    </composite-view>
    <composite-view id="8" display-name="SaveScriptDLG" ts="1229944512436" public="false" legacy-context="true" component="wcf.grid2">
        <uuid>5dcbee8b-3d48-47a3-9808-61a88a0898ae</uuid>
        <originating-data ts="1221652044598">
            <uuid>775af1c9-ad36-485b-bb7f-3010ffa0b5a8</uuid>
        </originating-data>
        <purpose name="dialog"/>
        <purpose name="page"/>
        <purpose name="pagelet"/>
        <size width="0" height="0"/>
        <inputs>
            <entry key="timeRange" data-type="wcf:TimeRange" usage="optional"/>
            <entry key="script" data-type="wcf:String" usage="optional"/>
            <entry key="name" data-type="wcf:String" usage="optional"/>
        </inputs>
        <flow>
            <on action="submit">
                <invoke-task id="system:development_alpha_tools.15"/>
            </on>
        </flow>
        <tree-config>
            <property name="pageOptions">
                <property name="scrollbars">
                    <enum value="auto"/>
                </property>
            </property>
            <property name="popupOptions">
                <property name="allowMaximize">
                    <boolean value="true"/>
                </property>
            </property>
        </tree-config>
        <window id="0" view="nested">
            <size/>
            <tree-config>
                <property name="row">
                    <integer value="1"/>
                </property>
            </tree-config>
            <view id="nested" display-name="(Nested View)" ts="1204169284343" public="false" component="wcf.input.text">
                <size width="20" height="20"/>
                <inputs>
                    <entry key="name" data-type="wcf:String" usage="optional" implicit="true"/>
                </inputs>
                <generated-context output-key="value" custom-key="name"/>
                <flow/>
                <tree-config>
                    <property name="showApply">
                        <boolean value="false"/>
                    </property>
                    <property name="fieldWidth">
                        <integer value="50"/>
                    </property>
                </tree-config>
            </view>
        </window>
        <window id="1" view="nested">
            <size/>
            <tree-config>
                <property name="column">
                    <integer value="1"/>
                </property>
                <property name="row">
                    <integer value="1"/>
                </property>
            </tree-config>
            <view id="nested" display-name="(Nested View)" ts="1206974576030" public="false" component="wcf.input.button">
                <size width="200" height="20"/>
                <flow/>
                <tree-config>
                    <property name="label">
                        <string xml:space="preserve"><![CDATA[save]]></string>
                    </property>
                </tree-config>
            </view>
        </window>
        <window id="2" view="nested" scrollbars="auto">
            <size width="450" height="300"/>
            <tree-config>
                <property name="row">
                    <integer value="2"/>
                </property>
                <property name="showBorder">
                    <boolean value="true"/>
                </property>
            </tree-config>
            <view id="nested" display-name="(Nested View)" ts="1204170846875" public="false" component="wcf.label">
                <size width="200" height="20"/>
                <inputs>
                    <entry key="script" data-type="wcf:String"/>
                </inputs>
                <flow/>
                <tree-config>
                    <property name="label">
                        <context-rv input-key="script" renderer-id="system:development_alpha_tools.13"/>
                    </property>
                </tree-config>
            </view>
        </window>
    </composite-view>
    <composite-view id="9" display-name="ScriptExecutor" ts="1248704557553" public="false" component="wcf.grid2">
        <uuid>76cf3ef4-3310-44b3-9601-7045a3be5ce3</uuid>
        <purpose name="dashboard"/>
        <purpose name="pagelet"/>
        <size width="0" height="0"/>
        <inputs>
            <entry key="topologyObject" data-type="foglight-5:TopologyObject" usage="optional">
                <null-rv/>
            </entry>
            <entry key="script" data-type="wcf:String" usage="optional">
                <null-rv/>
            </entry>
            <entry key="result" data-type="wcf:Object" usage="optional">
                <string xml:space="preserve"><![CDATA[no Data]]></string>
            </entry>
            <entry key="timeRange" data-type="wcf:TimeRange" usage="optional">
                <lastn-time-range unit="hour" num-units="4" granularity="-2"/>
            </entry>
        </inputs>
        <flow/>
        <tree-config>
            <property name="cooperativeLayout">
                <enum value="on"/>
            </property>
            <property name="pageOptions">
                <property name="scrollbars">
                    <enum value="auto"/>
                </property>
                <property name="pagePanelViews">
                    <list-item>
                        <view-ref value="system:development_alpha_tools.10"/>
                    </list-item>
                </property>
                <property name="actions">
                    <list-item>
                        <property name="text">
                            <string xml:space="preserve"><![CDATA[save Script]]></string>
                        </property>
                        <property name="reaction">
                            <popup id="system:development_alpha_tools.8"/>
                        </property>
                    </list-item>
                </property>
            </property>
            <property name="popupOptions">
                <property name="allowMaximize">
                    <boolean value="true"/>
                </property>
            </property>
        </tree-config>
        <window id="0" view="system:development_alpha_tools.5">
            <size/>
            <tree-config>
                <property name="align">
                    <enum value="stretch"/>
                </property>
                <property name="hweight">
                    <integer value="1"/>
                </property>
                <property name="showTitle">
                    <boolean value="true"/>
                </property>
                <property name="showBorder">
                    <boolean value="true"/>
                </property>
            </tree-config>
        </window>
        <window id="3" view="system:development_alpha_tools.18">
            <size width="760" height="310"/>
            <tree-config>
                <property name="row">
                    <integer value="1"/>
                </property>
                <property name="hweight">
                    <integer value="1"/>
                </property>
            </tree-config>
        </window>
        <window id="2" view="system:development_alpha_tools.4" scrollbars="auto">
            <size width="800"/>
            <tree-config>
                <property name="row">
                    <integer value="2"/>
                </property>
                <property name="valign">
                    <enum value="stretch"/>
                </property>
                <property name="hweight">
                    <integer value="1"/>
                </property>
                <property name="vweight">
                    <integer value="1"/>
                </property>
                <property name="showTitle">
                    <boolean value="true"/>
                </property>
                <property name="showBorder">
                    <boolean value="true"/>
                </property>
            </tree-config>
        </window>
    </composite-view>
    <view id="10" display-name="ScriptList" ts="1229944512436" public="false" component="wcf.table.row-table">
        <uuid>edc3d5aa-1d9f-4e96-85ba-05948c20b5bb</uuid>
        <originating-data ts="1221652044607">
            <uuid>54392a3f-f0ab-4068-b043-efbc4f3bcb04</uuid>
        </originating-data>
        <purpose name="dialog"/>
        <purpose name="pagelet"/>
        <size width="300" height="300"/>
        <inputs>
            <entry key="timeRange" data-type="wcf:TimeRange" usage="optional"/>
        </inputs>
        <context>
            <entry key="Scripts">
                <query-selection-rv query="system:development_alpha_tools.11">
                    <query-selection-rv query="customQuery:idecore_executeTopologyQuery">
                        <string xml:space="preserve"><![CDATA[IDE_Script]]></string>
                    </query-selection-rv>
                </query-selection-rv>
            </entry>
        </context>
        <flow>
            <on action="cellSelection">
                <generated-context output-key="selectedRow" custom-key="selRow"/>
                <generated-context output-key="selectedColumnId" custom-key="selID"/>
                <choose-value key="selID">
                    <case value="delete">
                        <invoke-task id="system:core_core.4">
                            <context>
                                <entry key="topologyObject">
                                    <context-rv input-key="selRow"/>
                                </entry>
                            </context>
                        </invoke-task>
                    </case>
                    <case value="show">
                        <popup id="system:development_alpha_tools.6" type="temporary">
                            <context>
                                <entry key="txt">
                                    <context-rv input-key="selRow" path="script"/>
                                </entry>
                            </context>
                        </popup>
                    </case>
                    <case value="select">
                        <update>
                            <context>
                                <entry key="script">
                                    <context-rv input-key="selRow" path="script"/>
                                </entry>
                            </context>
                        </update>
                    </case>
                    <default>
                        <update/>
                    </default>
                </choose-value>
            </on>
        </flow>
        <tree-config>
            <property name="rows">
                <context-rv input-key="Scripts"/>
            </property>
            <property name="columns">
                <list-item>
                    <property name="value">
                        <context-rv input-key="currentRow" path="name"/>
                    </property>
                    <property name="id">
                        <string xml:space="preserve"><![CDATA[wcf_column_0]]></string>
                    </property>
                </list-item>
                <list-item>
                    <property name="value">
                        <icon-rv id="system:utiliconset.54"/>
                    </property>
                    <property name="id">
                        <string xml:space="preserve"><![CDATA[select]]></string>
                    </property>
                    <property name="label">
                        <string-rv>
                            <value xml:space="preserve"><![CDATA[ ]]></value>
                        </string-rv>
                    </property>
                    <property name="header">
                        <string-rv>
                            <value xml:space="preserve"><![CDATA[ ]]></value>
                        </string-rv>
                    </property>
                    <property name="width">
                        <property name="sizing">
                            <enum value="specified"/>
                        </property>
                        <property name="value">
                            <integer value="20"/>
                        </property>
                    </property>
                </list-item>
                <list-item>
                    <property name="value">
                        <icon-rv id="system:utiliconset.46"/>
                    </property>
                    <property name="id">
                        <string xml:space="preserve"><![CDATA[show]]></string>
                    </property>
                    <property name="header">
                        <string-rv>
                            <value xml:space="preserve"><![CDATA[ ]]></value>
                        </string-rv>
                    </property>
                    <property name="width">
                        <property name="sizing">
                            <enum value="specified"/>
                        </property>
                        <property name="value">
                            <integer value="20"/>
                        </property>
                    </property>
                </list-item>
                <list-item>
                    <property name="value">
                        <icon-rv id="system:utiliconset.76"/>
                    </property>
                    <property name="id">
                        <string xml:space="preserve"><![CDATA[delete]]></string>
                    </property>
                    <property name="header">
                        <string-rv>
                            <value xml:space="preserve"><![CDATA[ ]]></value>
                        </string-rv>
                    </property>
                    <property name="width">
                        <property name="sizing">
                            <enum value="specified"/>
                        </property>
                        <property name="value">
                            <integer value="20"/>
                        </property>
                    </property>
                </list-item>
            </property>
            <property name="multipleSelection">
                <property name="batchedSubmit">
                    <boolean value="false"/>
                </property>
                <property name="showCheckboxes">
                    <boolean value="false"/>
                </property>
            </property>
            <property name="selectionConfiguration">
                <property name="allowEmptySelectionAction">
                    <boolean value="true"/>
                </property>
            </property>
            <property name="handleLargeData">
                <boolean value="true"/>
            </property>
            <property name="naturalWidthLegacy">
                <boolean value="true"/>
            </property>
            <property name="chooseReactionLegacy">
                <boolean value="true"/>
            </property>
            <property name="popupOptions">
                <property name="allowMaximize">
                    <boolean value="true"/>
                </property>
            </property>
        </tree-config>
    </view>
    <view id="17" display-name="ScriptEditorPanel" ts="1248697729271" public="false" component="wcf.input.textarea">
        <uuid>837616db-9a03-4391-b979-3ee269816917</uuid>
        <purpose name="pagelet"/>
        <size width="900" height="100"/>
        <inputs>
            <entry key="timeRange" data-type="wcf:TimeRange"/>
            <entry key="script" data-type="wcf:String" usage="optional" implicit="true"/>
        </inputs>
        <generated-context output-key="value" custom-key="script"/>
        <flow>
            <on action="update">
                <update/>
            </on>
        </flow>
        <tree-config>
            <property name="showApply">
                <boolean value="false"/>
            </property>
            <property name="rows">
                <integer value="20"/>
            </property>
            <property name="cols">
                <integer value="120"/>
            </property>
        </tree-config>
    </view>
    <view id="18" display-name="ScriptEditor" ts="1248697817940" public="false" component="wcf.form">
        <uuid>883c4532-c52b-46ed-8295-fe411922b43c</uuid>
        <purpose name="pagelet"/>
        <size width="900" height="300"/>
        <tree-config>
            <property name="view">
                <view-ref value="system:development_alpha_tools.17"/>
            </property>
            <property name="actions">
                <list-item>
                    <property name="text">
                        <string xml:space="preserve"><![CDATA[Execute]]></string>
                    </property>
                    <property name="reaction">
                        <update>
                            <context>
                                <entry key="result">
                                    <function-rv id="system:development_alpha_tools.16">
                                        <context-rv input-key="script"/>
                                        <data-object-rv datasource-type="foglight-5" datasource-id="foglight-5" unique-id="95ee8636-5380-4496-b92f-4bb2f75350e1"/>
                                    </function-rv>
                                </entry>
                            </context>
                        </update>
                    </property>
                </list-item>
                <list-item>
                    <property name="text">
                        <string xml:space="preserve"><![CDATA[save]]></string>
                    </property>
                    <property name="reaction">
                        <update/>
                    </property>
                </list-item>
            </property>
        </tree-config>
    </view>
    <renderer id="2" display-name="MsgDate" ts="1229944498281" public="false" handler="wcf.date">
        <uuid>10f13bff-4103-445e-938c-bb4eeb7fcb26</uuid>
        <originating-data ts="1221652022684">
            <uuid>72bfe5d0-182f-453a-a6ba-05583f12b102</uuid>
        </originating-data>
        <tree-config>
            <property name="length">
                <enum value="medium"/>
            </property>
            <property name="customPattern">
                <i18n-rv key="system:development_alpha_tools.plain.3"/>
            </property>
        </tree-config>
    </renderer>
    <renderer id="12" display-name="html" ts="1229944512452" public="false" handler="wcf.string">
        <uuid>83de2f41-85e5-4b8f-bd0e-f08eab4a20b5</uuid>
        <originating-data ts="1221652044623">
            <uuid>e59b17a5-c31a-429c-8cf6-81ff480e38b8</uuid>
        </originating-data>
        <tree-config>
            <property name="support-newline">
                <boolean value="true"/>
            </property>
        </tree-config>
    </renderer>
    <renderer id="13" display-name="ResultText" ts="1229944512452" public="false" handler="wcf.string">
        <uuid>2eaf7534-0da2-4357-9e4a-eae9373a6c85</uuid>
        <originating-data ts="1221652044623">
            <uuid>78084dee-64fb-4c08-a75b-7f9912b0d070</uuid>
        </originating-data>
        <tree-config>
            <property name="max-chars-no-whitespace">
                <integer value="9999999"/>
            </property>
            <property name="support-newline">
                <boolean value="true"/>
            </property>
        </tree-config>
    </renderer>
    <script-function id="16" display-name="ExecuteScript" ts="1248704620224" public="false" output-type="wcf:Object">
        <uuid>9a0457d6-480f-43f6-904b-6189e8c8b730</uuid>
        <inputs>
            <input name="src" type-name="wcf:String"/>
            <input name="scope" type-name="foglight-5:TopologyObject"/>
        </inputs>
        <script xml:space="preserve"><![CDATA[help (server.ScriptingService)

try {
def scriptSvc = server.ScriptingService
def para = scriptSvc.createScriptExecutionParams()

para.setScopingObject(scope) 
return scriptSvc.runScript(src,para)
} catch (Exception ex) {
return ex
}]]></script>
    </script-function>
    <script-function id="19" display-name="toString" ts="1248701792675" public="false" output-type="wcf:String">
        <uuid>d721e742-386e-40ae-a7e4-119c6012bfb6</uuid>
        <inputs>
            <input name="result" type-name="wcf:Object"/>
        </inputs>
        <script xml:space="preserve"><![CDATA[def r = ""+result

//r.replace("</br>" ,"\n")
//r.replace("<br/>" ,"\n")
r = r.replace("</br>","<br/>")

return "<div>"+ r+"</div>"]]></script>
    </script-function>
    <script-function id="20" display-name="toRichString" ts="1248701187868" public="false" output-type="wcf:RichText">
        <uuid>55d8e23d-50d8-4bd4-bbe1-8ed0ab957d63</uuid>
        <inputs>
            <input name="result" type-name="wcf:Object"/>
        </inputs>
        <script xml:space="preserve"><![CDATA[if (result == null) return "no Results yet"

def r = result.toString()

r.replace("</br>" ,"\n")
r.replace("<br/>" ,"\n")
r.replace(":" ,"\n")

r =  "\njks\nlk\nkk"+r

 return new com.quest.wcf.core.types.RichText(r)
]]></script>
    </script-function>
    <script-function id="21" display-name="test" ts="1248700579231" public="false" output-type="wcf:RichText">
        <uuid>0c5dd270-0e7c-480c-ba58-83aac91fbb93</uuid>
        <script xml:space="preserve"><![CDATA[return new com.quest.wcf.core.types.RichText("line1.\nline2<br/>line3<b>Line4</b>\n\n<hr/>lineu<p/>line6")
]]></script>
    </script-function>
</module>

